{
  "twfe_did": {
    "landfill_rate": {
      "beta": 0.020265955304895587,
      "se": 0.007602294319561514,
      "tstat": 2.6657683132247487,
      "pvalue": 0.0076812609238979005,
      "ci_lower": 0.005365732238681583,
      "ci_upper": 0.035166178371109594,
      "r_squared": 0.989333454687697,
      "n_obs": 750,
      "label": "Landfill rate"
    },
    "diversion_rate": {
      "beta": -0.05178307328149433,
      "se": 0.009769347774158455,
      "tstat": -5.300566064243218,
      "pvalue": 1.1544418138279067e-07,
      "ci_lower": -0.07093064307129143,
      "ci_upper": -0.032635503491697214,
      "r_squared": 0.9547776467590738,
      "n_obs": 750,
      "label": "Diversion rate"
    },
    "tons_landfill": {
      "beta": 30690.23211897173,
      "se": 41152.458263011475,
      "tstat": 0.7457691086842467,
      "pvalue": 0.4558069037758804,
      "ci_lower": -49967.10395181851,
      "ci_upper": 111347.56818976198,
      "r_squared": 0.9829059644818272,
      "n_obs": 750,
      "label": "Tons to landfill"
    }
  }
}