{
  "actual": [
    0.14655611635482052,
    0.15042017985001696,
    0.14956353359803295,
    0.15267898322932036,
    0.15609620071005428,
    0.15897224594076992,
    0.17366405078152794,
    0.17576310647943147,
    0.1753648390126137,
    0.13881801005524452,
    0.1251462505072072,
    0.1659967842251986,
    0.20160545358613038,
    0.19069088577138685,
    0.18408814656575537
  ],
  "synthetic": [
    0.2244485837385489,
    0.20715401681663254,
    0.2143066147119884,
    0.20830081195979847,
    0.19090489241370276,
    0.19136061458078044,
    0.18387206535705,
    0.1769290723374329,
    0.18390589249503972,
    0.171805013846812,
    0.11650012442663446,
    0.1427331863005915,
    0.1657493633078153,
    0.16597411842854543,
    0.1598668415182937
  ],
  "years": [
    2010,
    2011,
    2012,
    2013,
    2014,
    2015,
    2016,
    2017,
    2018,
    2019,
    2020,
    2021,
    2022,
    2023,
    2024
  ],
  "weights": {
    "Alabama": 2.4230626966184064e-16,
    "Alaska": 0.0,
    "Arizona": 1.6105144187853517e-16,
    "Arkansas": 8.821271041758194e-17,
    "Colorado": 5.2421613646878434e-17,
    "Delaware": 1.767287693736919e-17,
    "Florida": 0.0,
    "Georgia": 0.0,
    "Hawaii": 0.0,
    "Idaho": 1.0469354871659154e-17,
    "Illinois": 0.0,
    "Indiana": 2.711007790913292e-18,
    "Iowa": 8.757937723210581e-18,
    "Kansas": 3.2077430765626717e-17,
    "Kentucky": 0.0,
    "Louisiana": 4.9049735015634005e-17,
    "Michigan": 0.0,
    "Minnesota": 9.71445146547012e-17,
    "Mississippi": 1.6612862547016618e-18,
    "Missouri": 3.7374947872147105e-17,
    "Montana": 0.0,
    "Nebraska": 6.166228768462467e-17,
    "Nevada": 0.0,
    "New Mexico": 0.0,
    "North Carolina": 1.3558523230088845e-17,
    "North Dakota": 0.0,
    "Ohio": 0.0,
    "Oklahoma": 0.0,
    "Pennsylvania": 2.476035061391881e-17,
    "South Carolina": 0.0,
    "South Dakota": 0.0,
    "Tennessee": 0.0,
    "Texas": 0.0,
    "Utah": 4.183298694313951e-17,
    "Virginia": 7.361741450198657e-17,
    "West Virginia": 7.751068657335775e-17,
    "Wisconsin": 0.9999999999999999,
    "Wyoming": 0.0
  },
  "treatment_year": 2022
}